parcode,trial,rt,choice,item_left,item_right
201,1,2227,-1,5.022,2.976
201,3,1733,-1,4.77,1.776
201,5,1929,-1,9.9,0
201,7,1247,1,0,9.9
201,9,2446,1,1.368,4.418
201,11,1413,-1,5.002,5.989
201,13,1687,-1,4.588,2.56
201,15,1402,-1,5.822,1.848
201,17,1783,1,2.124,5.194
201,19,1910,-1,4.8,3.772
201,21,1713,-1,5.451,2.449
201,23,1290,-1,9.9,0
201,25,1135,-1,4.544,3.535
201,27,2705,-1,4.473,5.52
201,29,2344,-1,3.552,2.596
201,31,1562,1,1.768,3.724
201,33,2499,1,1.47,2.46
201,35,1206,1,1.215,5.183
201,37,1470,1,2.1,5.135
201,39,1268,1,2.05,4.096
201,41,2698,1,2.496,2.507
201,43,1674,1,3.276,5.251
201,45,1342,-1,5.9,3.842
201,47,1067,-1,5.865,4.879
201,49,1980,1,3.9,5.846
201,51,2323,1,2.016,2.088
201,53,3370,-1,4.8,1.848
201,55,1220,-1,4.234,1.218
201,57,1226,-1,5.25,1.2
201,59,1274,1,1.863,4.898
201,61,882,-1,4.136,2.109
201,63,973,1,2.89,5.92
201,65,1084,1,2.968,4.928
201,67,1137,1,2.997,4.964
201,69,1783,1,2.04,4.98
201,71,1280,1,2.242,5.175
201,73,1014,1,3.689,5.698
201,75,1246,-1,5.22,2.24
201,77,1280,1,1.19,5.232
201,79,1895,-1,1.116,2.079
201,81,2228,-1,2.088,3.116
201,83,960,-1,5.325,1.335
201,85,1793,1,3.552,4.543
201,87,1349,1,3.248,3.276
201,89,875,1,1.199,5.27
201,91,947,1,2.744,5.795
201,93,2117,-1,5.251,3.24
201,95,1987,1,2.352,3.28
201,97,1073,1,2.006,5.025
201,99,1990,1,1.767,1.794
201,101,1277,1,0,9.9
201,103,1262,1,2.444,4.453
201,105,2658,-1,2.457,3.399
201,107,1941,-1,3.09,0.999
201,109,3417,-1,3.534,2.52
201,111,1342,-1,4.662,2.688
201,113,1209,-1,9.9,0
201,115,1703,-1,4.42,2.375
201,117,4790,-1,3.591,2.553
201,119,1125,1,4.536,4.524
201,121,2487,1,5.238,4.209
201,123,1331,-1,5.328,1.335
201,125,2283,-1,5.39,1.36
201,127,3310,-1,3,2.071
201,129,2244,-1,5.671,1.76
201,131,1263,-1,3.168,1.152
201,133,2257,1,4.485,5.472
201,135,2122,1,2.808,5.785
201,137,1974,1,1.776,2.828
201,139,1499,1,1.8,5.822
201,141,1442,-1,5.1,1.144
201,143,1259,-1,4.416,4.332
201,145,1574,1,3.528,5.55
201,147,1190,1,2.61,5.544
201,149,1265,1,2.625,5.6
201,151,2184,-1,5.353,4.36
201,153,1400,-1,5.7,2.668
201,155,1321,-1,4.864,5.83
201,157,1496,-1,5.025,2.079
201,159,2021,1,5.244,5.217
201,161,964,1,1.2,5.184
201,163,1183,-1,5.04,4.074
201,165,1261,1,1.794,4.74
201,167,2364,-1,5.814,1.856
201,169,1708,-1,5.18,1.188
202,1,3431,-1,5.451,2.449
202,3,4919,1,2.016,2.088
202,5,2535,1,3.8,4.84
202,7,1428,1,1.06,5.046
202,9,5539,1,2.496,2.507
202,11,1222,-1,9.9,0
202,13,1443,1,3.9,5.846
202,15,2045,1,2.242,5.175
202,17,3431,-1,5.865,4.879
202,19,2473,1,1.19,5.232
202,21,1540,1,1.548,4.575
202,23,4065,-1,4.8,3.772
202,25,1591,1,1.215,5.183
202,27,2740,1,3.24,5.22
202,29,2393,-1,5.022,2.976
202,31,1937,-1,5.332,1.386
202,33,1134,-1,3.552,2.596
202,35,1764,-1,4.896,3.885
202,37,1434,-1,5.22,2.128
202,39,1293,-1,4.473,5.52
202,41,1714,-1,4.588,2.56
202,43,1272,-1,5.22,2.24
202,45,1288,-1,5.9,3.842
202,47,1305,-1,3.886,1.848
202,49,3050,1,4.422,5.46
202,51,1551,-1,4.8,1.848
202,53,3549,1,1.02,5.025
202,55,1504,1,1.47,5.46
202,57,1232,-1,5.518,1.515
202,59,2936,1,1.853,1.84
202,61,1103,1,1.47,2.46
202,63,1305,-1,5.52,1.456
202,65,1131,-1,2.275,1.32
202,67,1162,1,1.824,5.874
202,69,4112,1,3.552,4.543
202,71,1746,-1,3.337,2.373
202,73,2311,-1,5.002,5.989
202,75,3363,1,3.267,3.213
202,77,1489,1,2.968,4.928
202,79,5881,1,1.768,3.724
202,81,1439,1,2.997,4.964
202,83,1087,-1,9.9,0
202,85,1756,-1,5.551,1.515
202,87,2162,-1,4.272,1.288
202,89,1475,-1,3.168,1.152
202,91,1353,-1,4.148,2.133
202,93,1728,-1,5.814,1.856
202,95,1336,-1,4.42,2.375
202,97,3694,-1,4.662,2.688
202,99,1672,1,2.76,4.814
202,101,1425,1,2.87,4.864
202,103,1930,-1,5.28,1.312
202,105,1192,-1,5.1,1.144
202,107,1336,-1,5.995,1.989
202,109,1394,1,2.38,4.422
202,111,1640,1,1.199,5.27
202,113,2176,1,4.485,5.472
202,115,1237,-1,5.46,2.508
202,117,2025,-1,3.534,2.52
202,119,2610,1,4.864,5.83
202,121,2917,-1,4.416,4.332
202,123,4497,1,3.248,3.276
202,125,2558,-1,5.251,3.24
202,127,1185,-1,9.9,0
202,129,2198,-1,5.7,2.668
202,131,2767,-1,5.7,3.663
202,133,1845,-1,3,2.071
202,135,1569,-1,5.39,1.36
202,137,1501,-1,2.075,1.116
202,139,1311,1,1.8,5.822
202,141,3411,1,1.728,2.759
202,143,1651,-1,5.084,2.1
202,145,2839,1,2.436,5.451
202,147,1205,1,1.218,5.226
202,149,2768,-1,3.24,3.3
202,151,1985,1,5.244,5.217
202,153,2295,-1,5.58,2.574
202,155,1080,-1,3.09,0.999
202,157,3098,1,1.824,3.807
202,159,3303,1,2.444,4.453
202,161,6787,-1,5.238,4.209
202,163,2744,-1,4.36,4.3
202,165,2392,-1,3.588,1.558
202,167,1654,-1,5.328,1.335
202,169,2347,1,1.767,1.794
204,1,1625,-1,4.234,1.218
204,3,1638,1,3.9,5.846
204,5,2427,1,2.088,3.116
204,7,1554,-1,4.8,3.772
204,9,2307,1,2.968,4.928
204,11,2295,-1,3.84,1.819
204,13,1597,1,1.548,4.575
204,15,1632,1,2.05,4.096
204,17,2579,-1,5.865,4.879
204,19,1724,1,2.997,4.964
204,21,2584,-1,2.016,2.088
204,23,1340,-1,4.77,1.776
204,25,1138,1,1.215,5.183
204,27,1868,1,3.689,5.698
204,29,1129,1,1.06,5.046
204,31,2086,-1,5.25,1.2
204,33,2939,1,4.563,2.542
204,35,1456,-1,5.451,2.449
204,37,2426,-1,2.496,2.507
204,39,1222,1,2.407,4.422
204,41,1198,-1,5.52,1.456
204,43,3404,-1,4.332,5.39
204,45,1351,-1,4.225,1.265
204,47,1584,-1,5.432,5.39
204,49,1172,-1,5.22,1.243
204,51,1171,1,1.824,5.874
204,53,1658,-1,3.552,2.596
204,55,2240,1,1.808,5.814
204,57,996,-1,9.9,0
204,59,1635,1,2.1,5.135
204,61,1377,1,2.04,4.98
204,63,2424,-1,3.267,3.213
204,65,2959,1,1.26,5.313
204,67,1906,-1,5.002,5.989
204,69,1327,-1,5.551,1.515
204,71,1490,-1,5.325,1.335
204,73,1900,1,1.116,2.079
204,75,1911,1,1.19,5.232
204,77,1474,-1,5.22,2.128
204,79,1792,-1,5.81,1.836
204,81,2806,-1,1.853,1.84
204,83,1954,-1,2.89,1.972
204,85,2794,-1,5.22,2.24
204,87,1292,1,2.744,5.795
204,89,1236,-1,4.148,2.133
204,91,1348,1,2.006,5.025
204,93,1388,-1,4.864,5.83
204,95,1273,-1,5.025,2.079
204,97,1219,-1,5.58,2.574
204,99,3203,-1,3.588,1.558
204,101,2903,-1,1.11,1.17
204,103,2356,-1,2.075,1.116
204,105,1513,-1,5.671,1.76
204,107,2549,-1,5.084,2.1
204,109,1438,1,2.625,5.6
204,111,1204,-1,4.662,2.688
204,113,1113,-1,9.9,0
204,115,1406,1,2.088,4.14
204,117,3840,1,4.36,4.3
204,119,2176,1,2.436,5.451
204,121,2733,-1,5.7,3.663
204,123,2755,1,5.61,4.554
204,125,1365,1,1.218,5.226
204,127,3158,1,2.94,4.941
204,129,1942,-1,5.814,1.856
204,131,1253,-1,5.1,1.144
204,133,1187,1,1.491,5.451
204,135,2158,1,2.76,4.814
204,137,2155,-1,3.591,2.553
204,139,3757,1,2.38,3.379
204,141,2803,1,3.193,4.16
204,143,1004,1,1.199,5.27
204,145,1380,1,1.498,4.437
204,147,1635,-1,5.28,1.312
204,149,1941,-1,4.617,1.577
204,151,2062,-1,5.353,4.36
204,153,2016,1,2.457,3.399
204,155,1116,1,1.116,5.124
204,157,2019,-1,5.278,4.223
204,159,1437,-1,5.865,1.856
204,161,3238,1,1.767,1.794
204,163,1344,1,3.528,5.55
204,165,1842,1,1.84,5.916
204,167,1552,1,1.136,4.154
204,169,1255,1,3.248,3.276
205,1,3070,-1,2.242,5.175
205,3,2172,-1,3.9,5.846
205,5,3416,1,1.02,5.025
205,7,2277,-1,3.886,1.848
205,9,2252,1,1.47,5.46
205,11,1900,-1,9.9,0
205,13,3071,1,2.04,4.98
205,15,3908,1,1.98,1.976
205,17,2259,1,1.19,5.232
205,19,1827,1,1.808,5.814
205,21,1363,1,2.968,4.928
205,23,1191,-1,4.8,3.772
205,25,2033,1,3.552,4.543
205,27,1422,-1,4.225,1.265
205,29,2250,-1,5.332,1.386
205,31,1317,-1,5.525,2.576
205,33,2105,-1,5.022,2.976
205,35,2276,-1,4.136,2.109
205,37,2038,-1,4.8,1.848
205,39,2233,1,2.1,5.135
205,41,2598,1,2.94,1.952
205,43,3049,-1,3.84,1.819
205,45,1357,-1,5.52,1.456
205,47,1154,-1,4.588,2.56
205,49,1325,-1,5.518,1.515
205,51,1827,-1,3.552,2.596
205,53,1283,-1,4.332,5.39
205,55,2362,1,3.689,5.698
205,57,1213,-1,5.822,1.848
205,59,830,-1,4.234,1.218
205,61,748,-1,5.002,5.989
205,63,1732,1,2.088,3.116
205,65,1447,1,2.997,4.964
205,67,2077,1,1.06,5.046
205,69,921,-1,2.275,1.32
205,71,1152,-1,4.422,5.46
205,73,1815,1,0,9.9
205,75,1247,-1,2.496,2.507
205,77,1223,1,1.666,5.76
205,79,1344,-1,5.325,1.335
205,81,1253,1,1.116,2.079
205,83,1168,1,2.89,5.92
205,85,1034,1,1.824,5.874
205,87,1598,1,1.11,1.17
205,89,1941,-1,5.18,1.188
205,91,1002,-1,5.025,2.079
205,93,1516,-1,5.103,5.11
205,95,1045,1,1.498,4.437
205,97,978,1,2.744,5.795
205,99,1435,1,3.528,5.55
205,101,1802,-1,5.58,2.574
205,103,986,-1,5.28,1.312
205,105,1144,1,2.38,4.422
205,107,785,-1,2.38,3.379
205,109,708,1,2.088,4.14
205,111,732,-1,5.995,1.989
205,113,788,1,2.436,5.451
205,115,1399,1,2.457,3.399
205,117,708,1,2.352,3.28
205,119,1797,-1,4.42,2.375
205,121,1132,1,5.238,4.209
205,123,931,-1,3.168,1.152
205,125,650,1,1.116,5.124
205,127,925,1,2.94,4.941
205,129,885,1,4.536,4.524
205,131,705,-1,4.617,1.577
205,133,895,1,4.485,5.472
205,135,2489,1,3.24,3.3
205,137,859,1,3.193,4.16
205,139,1425,-1,5.39,1.36
205,141,1703,-1,5.1,1.144
205,143,847,1,2.808,5.785
205,145,969,1,2.006,5.025
205,147,737,1,2.625,5.6
205,149,1364,-1,4.416,4.332
205,151,1595,1,0,9.9
205,153,1814,-1,5.7,2.668
205,155,1979,-1,5.452,2.442
205,157,1456,1,1.44,5.46
205,159,1008,1,1.8,5.822
205,161,1134,-1,5.814,1.856
205,163,922,-1,3.588,1.558
205,165,806,-1,5.251,3.24
205,167,699,1,1.794,4.74
205,169,605,1,1.136,4.154
206,1,1561,-1,4.896,3.885
206,3,1210,1,2.088,3.116
206,5,1387,-1,2.623,2.613
206,7,1848,1,1.368,4.418
206,9,1203,-1,4.77,1.776
206,11,1935,-1,4.225,1.265
206,13,1289,1,1.808,5.814
206,15,1657,1,1.768,3.724
206,17,2752,1,2.968,4.928
206,19,2243,1,4.332,5.39
206,21,2065,-1,2.016,2.088
206,23,1187,1,2.1,5.135
206,25,1484,1,5.432,5.39
206,27,927,-1,4.588,2.56
206,29,1052,-1,5.25,1.2
206,31,859,-1,5.325,1.335
206,33,1282,-1,4.002,2.028
206,35,1580,1,4.422,5.46
206,37,1677,1,3.9,5.846
206,39,729,-1,5.22,2.24
206,41,1162,-1,9.9,0
206,43,1213,1,2.04,4.98
206,45,881,1,0,9.9
206,47,924,-1,4.473,5.52
206,49,834,1,2.89,5.92
206,51,1508,1,1.863,4.898
206,53,868,-1,5.22,1.243
206,55,1065,1,1.47,2.46
206,57,807,1,1.02,5.025
206,59,650,1,1.26,5.313
206,61,717,-1,5.002,5.989
206,63,2458,-1,1.853,1.84
206,65,1246,1,3.276,5.251
206,67,752,1,1.548,4.575
206,69,835,1,2.407,4.422
206,71,1083,-1,5.865,4.879
206,73,828,-1,4.234,1.218
206,75,834,-1,5.525,2.576
206,77,855,-1,3.886,1.848
206,79,931,-1,4.136,2.109
206,81,683,-1,4.8,3.772
206,83,992,-1,9.9,0
206,85,779,1,1.215,5.183
206,87,1077,-1,4.24,2.247
206,89,1133,-1,5.28,1.312
206,91,942,-1,9.9,0
206,93,857,-1,2.075,1.116
206,95,980,1,0,9.9
206,97,953,1,1.955,6.003
206,99,991,1,1.776,2.828
206,101,971,1,1.794,4.74
206,103,755,-1,3.168,1.152
206,105,1541,-1,5.7,3.663
206,107,1728,1,3.24,3.3
206,109,2513,-1,1.11,1.17
206,111,959,1,1.136,4.154
206,113,928,1,2.744,5.795
206,115,954,1,3.193,4.16
206,117,2170,-1,1.767,1.794
206,119,1471,-1,5.353,4.36
206,121,889,-1,5.1,1.144
206,123,1014,1,3.248,3.276
206,125,772,-1,5.995,1.989
206,127,780,1,2.808,5.785
206,129,1090,-1,5.7,2.668
206,131,857,-1,3.588,1.558
206,133,860,1,1.116,5.124
206,135,842,-1,5.865,1.856
206,137,950,1,1.596,2.673
206,139,1466,-1,3.591,2.553
206,141,670,1,3.528,5.55
206,143,833,1,1.218,5.226
206,145,693,1,2.444,4.453
206,147,754,1,2.943,4.949
206,149,721,-1,5.814,1.856
206,151,714,-1,4.662,2.688
206,153,928,1,2.76,4.814
206,155,787,1,1.491,5.451
206,157,1027,-1,4.617,1.577
206,159,1051,-1,5.18,1.188
206,161,820,1,2.625,5.6
206,163,919,-1,5.025,2.079
206,165,1759,-1,1.498,4.437
206,167,1210,1,4.536,4.524
206,169,1264,-1,5.103,5.11
207,1,7431,1,1.548,4.575
207,3,6102,1,4.422,5.46
207,5,5735,-1,2.623,2.613
207,7,2491,-1,4.563,2.542
207,9,5597,-1,5.002,5.989
207,11,1623,1,3.24,5.22
207,13,1532,-1,4.234,1.218
207,15,3527,-1,1.98,1.976
207,17,4181,1,1.768,3.724
207,19,3604,-1,4.544,3.535
207,21,3183,1,1.06,5.046
207,23,1872,-1,4.473,5.52
207,25,1793,1,3.074,3.05
207,27,1602,-1,4.725,1.824
207,29,3224,1,1.554,1.548
207,31,1950,-1,2.275,1.32
207,33,2061,1,2.997,4.964
207,35,1218,1,1.215,5.183
207,37,3268,-1,4.588,2.56
207,39,1416,-1,5.25,1.2
207,41,1586,1,1.47,5.46
207,43,1120,1,2.242,5.175
207,45,2347,-1,9.9,0
207,47,3885,-1,5.551,1.515
207,49,4109,-1,2.016,2.088
207,51,4362,1,5.432,5.39
207,53,4963,1,3.276,5.251
207,55,1991,1,1.26,5.313
207,57,2592,1,3.689,5.698
207,59,3123,1,2.088,3.116
207,61,1194,1,1.863,4.898
207,63,2598,1,2.407,4.422
207,65,3494,1,2.89,5.92
207,67,2003,-1,9.9,0
207,69,1630,1,3.552,4.543
207,71,2285,-1,4.8,3.772
207,75,4518,1,2.05,4.096
207,77,4986,1,2.968,4.928
207,79,4168,1,1.666,5.76
207,81,4506,1,1.116,2.079
207,83,4057,-1,5.518,1.515
207,85,3236,-1,4.002,2.028
207,87,3338,1,4.536,4.524
207,89,1215,1,1.116,5.124
207,91,1727,1,0,9.9
207,93,1248,1,0,9.9
207,95,1956,-1,2.075,1.116
207,97,2534,1,1.136,4.154
207,99,2908,-1,5.7,2.668
207,101,5523,1,5.244,5.217
207,103,2980,-1,5.58,2.574
207,105,7405,-1,4.36,4.3
207,107,5422,1,4.416,4.332
207,109,1526,-1,5.46,2.508
207,111,4764,1,3.248,3.276
207,113,1472,-1,5.28,1.312
207,115,7004,-1,1.11,1.17
207,117,2145,-1,3.534,2.52
207,119,1596,1,1.8,5.822
207,121,3370,-1,4.617,1.577
207,123,4819,1,3.528,5.55
207,125,2836,1,5.238,4.209
207,127,1714,1,1.776,2.828
207,129,1351,-1,4.272,1.288
207,131,1169,-1,4.35,1.309
207,133,2612,-1,3.09,0.999
207,135,2224,1,1.491,5.451
207,137,4438,1,4.485,5.472
207,139,2379,-1,4.662,2.688
207,141,3043,1,1.728,2.759
207,143,1935,1,1.199,5.27
207,145,1630,1,2.87,4.864
207,147,1288,-1,5.671,1.76
207,149,959,1,1.794,4.74
207,151,3284,-1,2.38,3.379
207,153,3062,1,2.744,5.795
207,155,1199,-1,5.084,2.1
207,157,2827,-1,5.025,2.079
207,159,934,1,2.625,5.6
207,161,846,-1,4.42,2.375
207,163,1790,1,2.352,3.28
207,165,2697,1,2.943,4.949
207,167,2670,1,2.61,5.544
207,169,1513,-1,5.04,4.074
208,1,863,-1,5.9,3.842
208,3,1670,1,2.016,2.088
208,5,1617,1,2.242,5.175
208,7,1488,1,2.1,5.135
208,9,1612,-1,3.337,2.373
208,11,696,-1,5.451,2.449
208,13,1404,-1,4.8,1.848
208,15,1090,1,2.997,4.964
208,17,1651,-1,1.116,2.079
208,19,1144,-1,5.22,2.24
208,21,971,-1,5.22,2.128
208,23,1482,-1,5.525,2.576
208,25,1186,-1,4.588,2.56
208,27,1273,1,1.824,5.874
208,29,1668,1,2.05,4.096
208,31,837,1,4.332,5.39
208,33,711,1,3.9,5.846
208,35,969,1,3.689,5.698
208,37,708,1,1.548,4.575
208,39,1022,-1,1.98,1.976
208,41,1421,1,2.496,2.507
208,43,834,-1,5.81,1.836
208,45,604,1,1.768,3.724
208,47,1035,-1,4.725,1.824
208,49,1064,-1,4.544,3.535
208,51,636,-1,4.234,1.218
208,53,658,-1,4.002,2.028
208,55,699,1,1.164,4.176
208,57,666,1,1.19,5.232
208,59,1100,1,4.563,2.542
208,61,973,1,3.552,4.543
208,63,1429,1,2.275,1.32
208,65,735,1,2.407,4.422
208,67,640,1,1.47,2.46
208,69,780,1,1.808,5.814
208,71,1522,-1,1.853,1.84
208,73,607,-1,5.25,1.2
208,75,1229,1,1.215,5.183
208,77,1173,1,5.865,4.879
208,79,1226,1,2.89,1.972
208,81,1680,-1,2.94,1.952
208,83,1314,1,4.422,5.46
208,85,696,-1,5.332,1.386
208,87,1109,1,2.075,1.116
208,89,732,1,3.193,4.16
208,91,766,1,1.776,2.828
208,93,596,-1,5.025,2.079
208,95,662,1,2.76,4.814
208,97,648,1,1.136,4.154
208,99,666,1,1.491,5.451
208,101,576,-1,4.662,2.688
208,103,801,1,5.278,4.223
208,105,787,-1,3.591,2.553
208,107,1024,1,2.352,3.28
208,109,977,1,2.38,4.422
208,111,782,-1,4.864,5.83
208,113,1087,-1,3.588,1.558
208,115,607,1,1.955,6.003
208,117,1030,1,4.536,4.524
208,119,782,-1,9.9,0
208,121,678,-1,5.28,1.312
208,123,945,-1,4.42,2.375
208,125,809,-1,4.148,2.133
208,127,848,-1,5.084,2.1
208,129,698,1,2.87,4.864
208,131,688,-1,5.18,1.188
208,133,1077,-1,3.168,1.152
208,135,1474,-1,1.596,2.673
208,137,1379,-1,5.251,3.24
208,139,1171,1,4.24,2.247
208,141,826,1,2.94,4.941
208,143,1618,-1,4.485,5.472
208,145,1258,1,2.088,4.14
208,147,1762,-1,4.272,1.288
208,149,2232,-1,4.36,4.3
208,151,1083,-1,5.7,3.663
208,153,964,-1,3,2.071
208,155,1271,-1,5.452,2.442
208,157,1130,-1,3.09,0.999
208,159,838,1,1.218,5.226
208,161,970,1,2.436,5.451
208,163,1067,-1,3.248,3.276
208,165,1628,-1,5.04,4.074
208,167,932,1,5.244,5.217
208,169,1735,1,2.943,4.949
209,1,2326,1,3.276,5.251
209,3,1537,-1,9.9,0
209,5,1444,-1,5.22,2.24
209,7,1646,-1,5.52,1.456
209,9,1641,-1,4.59,2.574
209,11,1592,1,1.215,5.183
209,13,3588,1,3.552,4.543
209,15,2090,1,1.98,1.976
209,17,1611,1,2.496,2.507
209,19,1517,1,1.824,5.874
209,21,1672,1,1.768,3.724
209,23,2131,1,4.473,5.52
209,25,3086,-1,5.022,2.976
209,27,2055,1,1.164,4.176
209,29,2666,1,4.422,5.46
209,31,1631,-1,5.81,1.836
209,33,2980,-1,5.325,1.335
209,35,2517,1,5.22,2.128
209,37,1548,1,2.124,5.194
209,39,1601,-1,5.9,3.842
209,41,2465,-1,3.8,4.84
209,43,2070,-1,1.116,2.079
209,45,3342,1,3.552,2.596
209,47,2236,1,1.666,5.76
209,49,2269,1,3.24,5.22
209,51,2988,1,2.242,5.175
209,53,1893,-1,9.9,0
209,55,1203,1,1.548,4.575
209,57,1633,1,1.19,5.232
209,59,2461,-1,4.225,1.265
209,61,1817,1,2.275,1.32
209,63,2739,1,2.088,3.116
209,65,1791,-1,1.853,1.84
209,67,2296,1,3.9,5.846
209,69,1526,1,2.04,4.98
209,71,3014,-1,3.074,3.05
209,73,1555,-1,5.22,1.243
209,75,1285,1,0,9.9
209,77,3116,1,5.002,5.989
209,79,2070,1,3.689,5.698
209,81,2321,-1,5.432,5.39
209,83,2200,-1,4.563,2.542
209,85,3085,1,4.332,5.39
209,87,1787,-1,5.18,1.188
209,89,1807,-1,5.025,2.079
209,91,3943,-1,4.24,2.247
209,93,1248,-1,5.084,2.1
209,95,2376,-1,5.103,5.11
209,97,2384,-1,1.11,1.17
209,99,2038,1,5.278,4.223
209,101,3694,1,1.8,5.822
209,103,2261,1,1.199,5.27
209,105,1885,-1,5.39,1.36
209,107,1850,-1,1.596,2.673
209,109,1563,-1,5.46,2.508
209,111,1491,-1,3.168,1.152
209,113,3231,1,2.444,4.453
209,115,2753,1,1.136,4.154
209,117,1607,1,1.218,5.226
209,119,1550,-1,2.075,1.116
209,121,1391,1,1.776,2.828
209,123,1214,1,2.943,4.949
209,125,1962,-1,5.238,4.209
209,127,1537,-1,5.353,4.36
209,129,2242,1,1.116,5.124
209,131,1705,1,2.808,5.785
209,133,2733,-1,4.662,2.688
209,135,1782,-1,4.148,2.133
209,137,1422,1,1.498,4.437
209,139,2019,1,2.625,5.6
209,141,5607,-1,5.452,2.442
209,143,1765,-1,5.58,2.574
209,145,1730,-1,5.671,1.76
209,147,2400,-1,3.248,3.276
209,149,1951,1,4.864,5.83
209,151,4335,1,5.244,5.217
209,153,2135,1,1.728,2.759
209,155,6097,1,1.84,5.916
209,157,1895,-1,3.534,2.52
209,159,3991,-1,5.61,4.554
209,161,2961,-1,3.24,3.3
209,163,2078,-1,3.591,2.553
209,165,1589,1,1.824,3.807
209,167,2337,-1,4.272,1.288
209,169,2134,1,2.76,4.814
211,1,2526,1,3.9,5.846
211,3,2145,1,2.05,4.096
211,5,1813,1,1.164,4.176
211,7,1879,-1,4.725,1.824
211,9,2147,-1,5.518,1.515
211,11,2216,-1,4.225,1.265
211,13,1582,-1,5.22,2.128
211,15,1929,-1,2.94,1.952
211,17,2858,-1,3.552,2.596
211,19,2209,1,2.407,4.422
211,21,3150,1,4.422,5.46
211,23,2092,-1,5.332,1.386
211,25,1556,1,2.1,5.135
211,27,2441,-1,5.451,2.449
211,29,2597,-1,4.002,2.028
211,31,1691,-1,2.496,2.507
211,33,1973,-1,9.9,0
211,35,2763,-1,3.337,2.373
211,37,2577,1,1.19,5.232
211,39,3259,1,5.002,5.989
211,41,3681,1,1.863,4.898
211,43,1719,1,2.124,5.194
211,45,2218,1,4.473,5.52
211,47,1805,-1,5.325,1.335
211,49,1875,-1,5.432,5.39
211,51,2200,-1,5.022,2.976
211,53,3131,1,1.02,5.025
211,55,2376,1,3.074,3.05
211,57,1536,-1,5.81,1.836
211,59,2498,-1,2.89,1.972
211,61,2062,-1,5.551,1.515
211,63,2284,1,3.24,5.22
211,65,1944,-1,5.22,2.24
211,67,2043,1,1.548,4.575
211,69,1959,1,1.06,5.046
211,71,3287,1,1.116,2.079
211,73,2390,-1,1.554,1.548
211,75,1840,1,4.332,5.39
211,77,1212,-1,9.9,0
211,79,1940,1,3.8,4.84
211,81,1840,-1,5.52,1.456
211,83,2660,1,2.968,4.928
211,85,2091,-1,5.22,1.243
211,87,2182,1,1.84,5.916
211,89,1943,-1,5.7,3.663
211,91,1999,-1,5.865,1.856
211,93,2690,-1,5.084,2.1
211,95,1312,1,2.87,4.864
211,97,2071,1,2.943,4.949
211,99,1234,1,0,9.9
211,101,3258,-1,5.278,4.223
211,103,1073,1,0,9.9
211,105,2569,1,1.728,2.759
211,107,1601,-1,3.168,1.152
211,109,1370,-1,4.148,2.133
211,111,1445,1,1.2,5.184
211,113,2687,-1,5.39,1.36
211,115,2177,1,1.498,4.437
211,117,2228,-1,5.04,4.074
211,119,3293,1,2.744,5.795
211,121,2784,-1,5.353,4.36
211,123,3419,1,4.864,5.83
211,125,1893,-1,5.025,2.079
211,127,1487,1,1.955,6.003
211,129,1627,-1,5.328,1.335
211,131,1574,-1,3.534,2.52
211,133,1597,-1,5.452,2.442
211,135,2270,1,1.491,5.451
211,137,1686,1,3.528,5.55
211,139,2235,-1,2.075,1.116
211,141,1742,-1,5.995,1.989
211,143,1977,-1,5.46,2.508
211,145,2067,-1,4.272,1.288
211,147,2126,-1,3.591,2.553
211,149,2795,-1,5.61,4.554
211,151,1417,1,1.136,4.154
211,153,2460,1,2.444,4.453
211,155,1915,1,1.199,5.27
211,157,2023,1,1.776,2.828
211,159,2155,1,2.625,5.6
211,161,1959,-1,4.24,2.247
211,163,2640,1,2.436,5.451
211,165,1919,1,2.006,5.025
211,167,1751,-1,4.35,1.309
211,169,1796,1,2.808,5.785
213,1,1985,-1,5.9,3.842
213,3,746,-1,9.9,0
213,5,1041,1,2.997,4.964
213,7,1120,1,2.04,4.98
213,9,1013,1,1.26,5.313
213,11,867,-1,1.98,1.976
213,13,1631,-1,3.84,1.819
213,15,1100,-1,9.9,0
213,17,1778,1,1.666,5.76
213,19,908,-1,4.332,5.39
213,21,895,1,4.563,2.542
213,23,1208,1,3.9,5.846
213,25,843,-1,5.332,1.386
213,27,757,-1,4.225,1.265
213,29,855,-1,5.22,2.24
213,31,809,-1,5.822,1.848
213,33,741,1,2.407,4.422
213,35,1192,-1,4.002,2.028
213,37,849,1,1.768,3.724
213,39,850,1,3.552,4.543
213,41,1198,-1,4.422,5.46
213,43,1218,-1,5.325,1.335
213,45,739,-1,5.25,1.2
213,47,688,1,4.473,5.52
213,49,978,-1,5.865,4.879
213,51,947,1,2.94,1.952
213,53,1364,1,1.116,2.079
213,55,1147,1,4.544,3.535
213,57,1582,1,2.89,5.92
213,59,1049,1,5.52,1.456
213,61,999,1,5.551,1.515
213,63,1013,1,2.1,5.135
213,67,1381,-1,3.552,2.596
213,69,662,-1,1.853,1.84
213,73,1056,1,2.968,4.928
213,75,1046,-1,5.22,1.243
213,77,1636,-1,3.074,3.05
213,79,1050,1,0,9.9
213,81,957,1,4.896,3.885
213,83,1059,-1,5.81,1.836
213,85,1096,-1,1.164,4.176
213,87,843,-1,3.09,0.999
213,89,1562,1,5.814,1.856
213,91,917,1,1.218,5.226
213,93,1661,1,5.28,1.312
213,95,929,1,2.943,4.949
213,97,1144,-1,4.35,1.309
213,99,1073,-1,2.625,5.6
213,101,922,-1,5.353,4.36
213,103,772,-1,5.103,5.11
213,105,728,-1,5.084,2.1
213,107,1194,1,1.8,5.822
213,109,1022,1,2.088,4.14
213,111,1042,1,4.864,5.83
213,113,1405,-1,5.278,4.223
213,115,1596,-1,5.995,1.989
213,117,1697,1,3.24,3.3
213,119,1536,1,1.824,3.807
213,121,1401,1,1.955,6.003
213,123,999,1,4.662,2.688
213,125,1228,1,3.193,4.16
213,127,1103,-1,9.9,0
213,129,1141,1,5.671,1.76
213,131,934,1,1.491,5.451
213,133,1315,1,5.7,3.663
213,135,926,-1,2.744,5.795
213,137,1273,1,2.87,4.864
213,139,1233,1,4.36,4.3
213,141,938,1,2.61,5.544
213,143,980,1,2.38,4.422
213,145,1378,-1,1.84,5.916
213,147,1121,1,4.42,2.375
213,149,1468,-1,1.776,2.828
213,151,1050,-1,1.728,2.759
213,153,1410,-1,3.534,2.52
213,155,952,1,5.238,4.209
213,157,846,1,5.61,4.554
213,159,646,-1,4.617,1.577
213,161,882,1,1.596,2.673
213,163,1165,1,4.485,5.472
213,165,854,1,1.794,4.74
213,167,822,-1,4.416,4.332
213,169,985,1,1.199,5.27
214,1,4760,-1,4.563,2.542
214,3,2260,1,3.8,4.84
214,5,3370,-1,5.525,2.576
214,7,1454,1,3.689,5.698
214,9,2615,1,1.19,5.232
214,11,2800,-1,4.002,2.028
214,13,3237,-1,9.9,0
214,15,2091,-1,5.518,1.515
214,17,2133,1,1.215,5.183
214,19,2500,1,2.088,3.116
214,21,1799,-1,4.77,1.776
214,23,1593,-1,2.89,1.972
214,25,4455,-1,2.496,2.507
214,27,1685,-1,5.81,1.836
214,29,2559,-1,3.337,2.373
214,31,2410,1,1.368,4.418
214,33,2984,-1,4.59,2.574
214,35,4425,-1,2.623,2.613
214,37,2280,1,1.47,5.46
214,39,2361,1,3.276,5.251
214,41,2342,1,1.768,3.724
214,43,2147,-1,1.98,1.976
214,45,3763,1,1.06,5.046
214,47,1316,-1,9.9,0
214,49,4111,-1,1.853,1.84
214,51,3581,-1,4.588,2.56
214,53,1785,-1,5.002,5.989
214,55,4720,-1,5.22,2.128
214,57,2051,-1,5.022,2.976
214,59,1648,-1,3.267,3.213
214,61,2138,-1,3.552,2.596
214,63,2320,1,2.124,5.194
214,65,2142,-1,4.8,1.848
214,67,1973,1,2.1,5.135
214,69,1888,-1,5.52,1.456
214,71,2517,1,1.824,5.874
214,73,2921,-1,4.473,5.52
214,75,1987,-1,4.896,3.885
214,77,2302,-1,5.325,1.335
214,79,3252,-1,5.9,3.842
214,81,2993,-1,3.886,1.848
214,83,2198,-1,4.8,3.772
214,85,2501,-1,5.22,2.24
214,87,4435,1,4.485,5.472
214,89,1968,1,1.728,2.759
214,91,1912,-1,3,2.071
214,93,1741,1,2.87,4.864
214,95,1942,1,1.44,5.46
214,97,3596,-1,4.148,2.133
214,99,2097,-1,5.353,4.36
214,101,2182,-1,5.278,4.223
214,103,3476,-1,5.671,1.76
214,105,2031,-1,5.025,2.079
214,107,2679,-1,3.168,1.152
214,109,2285,1,4.536,4.524
214,111,3192,1,4.36,4.3
214,113,1693,-1,4.42,2.375
214,115,3509,1,2.444,4.453
214,117,1735,-1,5.814,1.856
214,119,1855,1,3.193,4.16
214,121,2987,-1,5.04,4.074
214,123,1438,1,0,9.9
214,125,1215,1,2.744,5.795
214,127,1204,-1,5.28,1.312
214,129,1340,-1,5.328,1.335
214,131,2526,1,1.596,2.673
214,133,1830,1,1.824,3.807
214,135,2171,-1,5.7,3.663
214,137,3887,1,2.457,3.399
214,139,1340,1,1.794,4.74
214,141,1567,1,1.498,4.437
214,143,1429,-1,5.251,3.24
214,145,1633,1,1.199,5.27
214,147,1816,1,5.61,4.554
214,149,1237,1,0,9.9
214,151,1028,1,1.2,5.184
214,153,1368,1,2.352,3.28
214,155,1672,-1,5.7,2.668
214,157,1820,1,2.088,4.14
214,159,4311,1,3.24,3.3
214,161,2844,-1,3.09,0.999
214,163,1547,1,2.943,4.949
214,165,1733,1,1.8,5.822
214,167,1647,1,2.76,4.814
214,169,1805,-1,4.24,2.247
215,1,6460,1,2.242,5.175
215,3,4124,1,2.088,3.116
215,5,2570,-1,2.496,2.507
215,7,1549,1,2.89,5.92
215,9,2150,-1,5.551,1.515
215,11,1743,1,2.04,4.98
215,13,3996,1,2.275,1.32
215,15,5364,1,3.337,2.373
215,17,1660,1,3.24,5.22
215,19,3225,1,2.968,4.928
215,21,1168,-1,9.9,0
215,23,2643,-1,4.473,5.52
215,25,1310,-1,4.77,1.776
215,27,4451,-1,4.563,2.542
215,29,1438,-1,5.332,1.386
215,31,2121,1,1.824,5.874
215,33,4086,1,5.002,5.989
215,35,1470,1,1.47,2.46
215,37,4385,1,3.8,4.84
215,39,3787,-1,4.544,3.535
215,41,1388,1,1.02,5.025
215,43,3584,-1,5.22,2.24
215,45,1986,-1,4.59,2.574
215,47,1340,-1,5.325,1.335
215,49,1700,-1,4.725,1.824
215,51,1316,-1,4.234,1.218
215,53,1553,-1,9.9,0
215,55,1503,-1,5.22,1.243
215,57,2466,-1,4.896,3.885
215,59,2229,-1,4.8,1.848
215,61,2611,1,2.89,1.972
215,63,4042,1,3.689,5.698
215,65,1595,1,2.05,4.096
215,67,1775,-1,5.52,1.456
215,69,3050,1,3.9,5.846
215,71,2428,-1,2.94,1.952
215,73,3474,-1,4.588,2.56
215,75,2172,1,1.368,4.418
215,77,4099,1,2.997,4.964
215,79,1590,-1,3.886,1.848
215,81,1766,1,3.552,4.543
215,83,3195,-1,1.853,1.84
215,85,1972,1,4.332,5.39
215,87,1943,1,2.436,5.451
215,89,2049,-1,5.61,4.554
215,91,2862,-1,5.04,4.074
215,93,1390,1,0,9.9
215,95,1540,-1,5.251,3.24
215,97,1811,-1,3,2.071
215,99,1354,1,2.744,5.795
215,101,1419,1,2.943,4.949
215,103,1498,1,1.794,4.74
215,105,1386,-1,4.662,2.688
215,107,989,-1,9.9,0
215,109,2279,1,4.864,5.83
215,111,1136,1,1.596,2.673
215,113,1244,1,1.8,5.822
215,115,1583,1,2.625,5.6
215,117,2061,-1,4.272,1.288
215,119,2722,-1,5.46,2.508
215,121,1387,-1,3.534,2.52
215,123,1443,1,1.116,5.124
215,125,1783,1,1.776,2.828
215,127,3616,-1,1.767,1.794
215,129,1358,1,1.199,5.27
215,131,1865,-1,5.7,3.663
215,133,1077,-1,5.39,1.36
215,135,2158,1,3.24,3.3
215,137,2036,-1,4.416,4.332
215,139,933,1,2.808,5.785
215,141,1311,-1,5.814,1.856
215,143,1135,-1,5.328,1.335
215,145,1639,-1,5.7,2.668
215,147,995,1,1.2,5.184
215,149,2109,-1,5.103,5.11
215,151,1383,-1,4.42,2.375
215,153,2393,1,5.244,5.217
215,155,1411,-1,3.168,1.152
215,157,1175,-1,4.24,2.247
215,159,1553,1,1.491,5.451
215,161,1845,-1,5.452,2.442
215,163,1362,-1,9.9,0
215,165,3010,1,3.193,4.16
215,167,2451,-1,5.238,4.209
215,169,1547,-1,3.09,0.999
216,1,4022,1,4.422,5.46
216,3,3638,1,1.554,1.548
216,5,2199,-1,4.136,2.109
216,7,2089,1,2.496,2.507
216,9,1304,-1,4.234,1.218
216,11,1116,-1,4.8,3.772
216,13,5636,-1,2.275,1.32
216,15,1272,1,0,9.9
216,17,969,1,3.9,5.846
216,19,716,-1,5.451,2.449
216,21,2867,1,4.332,5.39
216,23,1486,-1,5.525,2.576
216,25,1762,-1,4.588,2.56
216,27,1081,1,1.06,5.046
216,29,1892,-1,5.022,2.976
216,31,1178,-1,5.22,2.128
216,33,957,-1,5.25,1.2
216,35,896,1,2.89,5.92
216,37,1404,1,2.088,3.116
216,39,1136,1,3.8,4.84
216,41,1607,1,1.548,4.575
216,43,1847,-1,4.563,2.542
216,45,1915,-1,5.002,5.989
216,47,897,-1,5.518,1.515
216,49,1122,1,1.215,5.183
216,51,1025,-1,4.725,1.824
216,53,1570,-1,5.22,2.24
216,55,1068,1,2.407,4.422
216,57,2500,-1,3.552,2.596
216,59,1449,1,1.164,4.176
216,61,714,1,1.02,5.025
216,63,1895,1,2.016,2.088
216,65,1892,1,2.968,4.928
216,67,3369,1,1.47,2.46
216,69,1167,-1,5.332,1.386
216,71,4168,1,2.623,2.613
216,73,2846,-1,1.853,1.84
216,75,2797,-1,5.9,3.842
216,77,1009,1,3.689,5.698
216,79,1121,1,3.24,5.22
216,81,800,1,1.19,5.232
216,83,2768,1,3.267,3.213
216,85,1893,1,2.04,4.98
216,87,1780,1,3.24,3.3
216,89,3084,1,4.485,5.472
216,91,1015,1,2.943,4.949
216,93,818,-1,5.46,2.508
216,95,1159,1,1.44,5.46
216,97,1452,-1,5.328,1.335
216,99,640,1,1.8,5.822
216,101,901,1,1.794,4.74
216,103,1085,1,1.218,5.226
216,105,1259,-1,5.452,2.442
216,107,579,1,2.006,5.025
216,109,847,-1,5.084,2.1
216,111,2392,1,2.38,3.379
216,113,647,1,2.088,4.14
216,115,4838,-1,4.416,4.332
216,117,958,1,1.199,5.27
216,119,645,1,1.136,4.154
216,121,848,-1,5.251,3.24
216,123,1107,-1,4.148,2.133
216,125,840,-1,5.814,1.856
216,127,1643,-1,5.28,1.312
216,129,832,1,2.352,3.28
216,131,1406,1,5.61,4.554
216,133,2185,-1,3.09,0.999
216,135,5602,-1,3.248,3.276
216,137,1050,1,2.76,4.814
216,139,853,1,0,9.9
216,141,5069,-1,5.103,5.11
216,143,2385,1,2.457,3.399
216,145,2062,-1,2.075,1.116
216,147,3579,-1,1.11,1.17
216,149,858,1,2.625,5.6
216,151,844,1,1.491,5.451
216,153,2649,-1,5.353,4.36
216,155,796,1,2.744,5.795
216,157,1850,1,1.728,2.759
216,159,912,1,1.84,5.916
216,161,2491,-1,5.7,3.663
216,163,936,1,3.528,5.55
216,165,1402,-1,5.025,2.079
216,167,1450,1,2.444,4.453
216,169,812,1,1.116,5.124
217,1,2333,-1,9.9,0
217,3,3853,-1,1.824,5.874
217,5,3558,1,1.368,4.418
217,7,3411,1,1.98,1.976
217,9,3385,1,3.337,2.373
217,11,3181,1,1.47,2.46
217,13,3635,-1,5.022,2.976
217,15,2485,1,1.47,5.46
217,17,2668,-1,4.563,2.542
217,19,3206,-1,3.074,3.05
217,21,4575,1,1.116,2.079
217,23,1869,1,2.242,5.175
217,25,1642,-1,5.52,1.456
217,27,2783,-1,3.552,2.596
217,29,3205,-1,2.407,4.422
217,31,4198,-1,5.25,1.2
217,33,3567,1,4.332,5.39
217,35,1637,-1,5.432,5.39
217,37,3843,1,2.088,3.116
217,39,1900,1,1.548,4.575
217,41,4610,-1,2.275,1.32
217,43,2156,-1,9.9,0
217,45,2034,1,2.89,5.92
217,47,1872,1,1.19,5.232
217,49,1611,1,3.8,4.84
217,51,3573,1,1.554,1.548
217,53,3671,-1,5.518,1.515
217,55,2893,1,3.552,4.543
217,57,2570,-1,4.8,1.848
217,59,3230,1,2.997,4.964
217,61,2388,1,3.267,3.213
217,63,2065,1,1.808,5.814
217,65,2419,-1,5.332,1.386
217,67,2353,-1,5.865,4.879
217,69,2523,1,3.24,5.22
217,71,1484,1,1.26,5.313
217,73,2574,-1,4.422,5.46
217,75,1673,1,1.863,4.898
217,77,1698,1,2.124,5.194
217,79,1943,-1,5.81,1.836
217,81,1678,1,1.853,1.84
217,83,1743,-1,5.551,1.515
217,85,3944,1,2.016,2.088
217,87,1244,1,2.61,5.544
217,89,1687,-1,4.416,4.332
217,91,2097,1,1.84,5.916
217,93,3637,1,4.536,4.524
217,95,2001,1,2.87,4.864
217,97,2709,-1,5.28,1.312
217,99,4404,-1,1.11,1.17
217,101,2899,1,4.864,5.83
217,103,2446,-1,5.814,1.856
217,105,1428,-1,9.9,0
217,107,2474,-1,5.452,2.442
217,109,2589,1,1.199,5.27
217,111,4372,-1,3.248,3.276
217,113,1633,-1,5.278,4.223
217,115,2573,-1,5.995,1.989
217,117,1448,1,2.088,4.14
217,119,2427,-1,3.588,1.558
217,121,1483,-1,3.09,0.999
217,123,1981,1,1.728,2.759
217,125,1408,-1,5.04,4.074
217,127,2036,1,1.8,5.822
217,129,1631,-1,5.671,1.76
217,131,1130,1,1.218,5.226
217,133,2404,-1,3.591,2.553
217,135,2499,-1,5.238,4.209
217,137,2873,1,4.485,5.472
217,139,1579,-1,5.328,1.335
217,141,2665,-1,4.42,2.375
217,143,2050,1,1.824,3.807
217,145,1765,1,1.498,4.437
217,147,3138,1,2.76,4.814
217,149,4298,-1,5.7,3.663
217,151,3029,1,2.808,5.785
217,153,3268,1,3.528,5.55
217,155,1440,-1,2.006,5.025
217,157,843,1,9.9,0
217,159,2086,1,1.596,2.673
217,161,2652,-1,1.767,1.794
217,163,3426,1,3.24,3.3
217,165,1987,1,2.444,4.453
217,167,2329,1,2.38,3.379
217,169,2243,-1,5.084,2.1
219,1,5703,1,5.432,5.39
219,3,2816,-1,4.136,2.109
219,5,2068,-1,4.588,2.56
219,7,4744,-1,1.98,1.976
219,9,2514,1,3.074,3.05
219,11,2925,-1,3.886,1.848
219,13,2119,1,2.997,4.964
219,15,3338,1,1.06,5.046
219,17,1406,-1,5.22,2.128
219,19,2401,1,0,9.9
219,21,3557,-1,5.81,1.836
219,23,4784,-1,4.563,2.542
219,25,2582,1,1.116,2.079
219,27,4655,1,4.422,5.46
219,29,1836,1,1.368,4.418
219,31,2599,-1,4.332,5.39
219,33,2406,1,3.276,5.251
219,35,1640,1,2.04,4.98
219,37,2903,-1,3.267,3.213
219,39,2678,1,2.407,4.422
219,41,1835,-1,5.525,2.576
219,43,3105,-1,4.473,5.52
219,45,1657,-1,2.275,1.32
219,47,3110,-1,1.554,1.548
219,49,1752,1,1.548,4.575
219,51,1748,-1,5.22,1.243
219,53,1459,-1,5.25,1.2
219,55,2664,-1,2.94,1.952
219,57,1883,1,1.824,5.874
219,59,2201,1,1.215,5.183
219,61,2667,1,1.26,5.313
219,63,4062,-1,3.337,2.373
219,65,1669,-1,5.865,4.879
219,67,2145,1,2.968,4.928
219,69,2140,-1,5.518,1.515
219,71,7240,1,2.496,2.507
219,73,2898,-1,4.8,1.848
219,75,1308,-1,9.9,0
219,77,1126,-1,4.002,2.028
219,79,1932,1,2.89,5.92
219,81,1611,-1,5.822,1.848
219,83,1905,1,3.8,4.84
219,85,1610,1,2.124,5.194
219,87,1897,1,2.444,4.453
219,89,1684,1,1.218,5.226
219,91,1526,-1,5.39,1.36
219,93,1273,-1,5.025,2.079
219,95,1580,1,2.006,5.025
219,97,1773,-1,4.42,2.375
219,99,1426,-1,4.24,2.247
219,101,1227,1,2.352,3.28
219,103,1848,-1,3.168,1.152
219,105,3612,-1,1.11,1.17
219,107,1387,1,1.136,4.154
219,109,1905,-1,4.416,4.332
219,111,1010,1,1.44,5.46
219,113,1605,1,4.485,5.472
219,115,1560,1,1.491,5.451
219,117,2660,-1,5.04,4.074
219,119,1300,1,1.767,1.794
219,121,1213,-1,9.9,0
219,123,876,-1,5.671,1.76
219,125,1113,-1,5.7,2.668
219,127,1251,1,2.457,3.399
219,129,1164,1,3.528,5.55
219,131,1355,-1,4.35,1.309
219,133,1145,1,0,9.9
219,135,1242,-1,5.278,4.223
219,137,1119,1,1.116,5.124
219,139,1090,1,1.776,2.828
219,141,1495,-1,5.353,4.36
219,143,1390,-1,5.995,1.989
219,145,1528,-1,3.591,2.553
219,147,1154,1,2.088,4.14
219,149,1573,-1,5.865,1.856
219,151,1529,1,5.61,4.554
219,153,1581,1,3.248,3.276
219,155,903,-1,3.09,0.999
219,157,2009,1,4.36,4.3
219,159,1011,1,0,9.9
219,161,1231,1,2.87,4.864
219,163,1836,1,1.596,2.673
219,165,3019,-1,5.46,2.508
219,167,1321,1,1.8,5.822
219,169,1296,1,1.498,4.437
220,1,3634,-1,4.8,3.772
220,3,1203,1,1.47,5.46
220,5,1392,-1,3.337,2.373
220,7,1587,1,1.548,4.575
220,9,1909,1,2.124,5.194
220,11,2957,1,1.554,1.548
220,13,2193,-1,5.22,2.128
220,15,2160,1,2.05,4.096
220,17,1488,-1,5.518,1.515
220,19,1578,-1,5.822,1.848
220,21,3452,-1,4.002,2.028
220,23,2277,1,1.808,5.814
220,25,4906,-1,1.98,1.976
220,27,2408,1,3.9,5.846
220,29,1914,-1,5.52,1.456
220,31,1844,-1,2.94,1.952
220,33,3049,1,2.997,4.964
220,35,5177,1,2.496,2.507
220,37,1094,-1,4.225,1.265
220,39,1876,-1,2.89,1.972
220,41,1174,-1,4.136,2.109
220,43,1076,-1,5.325,1.335
220,45,1355,1,1.06,5.046
220,47,1971,-1,4.588,2.56
220,49,1377,1,1.116,2.079
220,51,2226,-1,2.275,1.32
220,53,1167,-1,5.22,1.243
220,55,2245,-1,4.896,3.885
220,57,2222,-1,3.886,1.848
220,59,1580,1,2.89,5.92
220,61,1754,1,1.19,5.232
220,63,1190,-1,5.525,2.576
220,65,2411,-1,4.544,3.535
220,67,1296,1,2.04,4.98
220,69,1304,1,3.276,5.251
220,71,1784,1,2.088,3.116
220,73,1352,-1,4.234,1.218
220,75,1323,1,2.1,5.135
220,77,1355,1,1.666,5.76
220,79,2268,1,4.332,5.39
220,81,1716,1,3.689,5.698
220,83,1628,-1,5.9,3.842
220,85,1552,1,1.164,4.176
220,87,2065,-1,3.591,2.553
220,89,3322,-1,1.11,1.17
220,91,1621,-1,5.452,2.442
220,93,1343,1,2.457,3.399
220,95,2174,1,1.8,5.822
220,97,1237,-1,4.35,1.309
220,99,3474,1,3.24,3.3
220,101,1525,1,1.218,5.226
220,103,1089,-1,4.148,2.133
220,105,1280,1,1.794,4.74
220,107,1594,-1,5.1,1.144
220,111,1743,1,1.2,5.184
220,113,972,1,1.44,5.46
220,115,2020,-1,5.025,2.079
220,117,3281,-1,4.662,2.688
220,119,1117,1,2.744,5.795
220,121,1212,1,1.116,5.124
220,123,2847,-1,5.814,1.856
220,125,1171,1,2.61,5.544
220,127,1173,-1,5.671,1.76
220,129,2168,-1,5.04,4.074
220,131,1831,1,3.193,4.16
220,133,2365,-1,3.09,0.999
220,135,1546,1,2.94,4.941
220,137,1224,1,2.436,5.451
220,139,1876,1,1.136,4.154
220,141,2045,1,5.103,5.11
220,143,1143,1,2.76,4.814
220,145,1513,1,1.728,2.759
220,147,1359,-1,4.272,1.288
220,149,1359,1,2.625,5.6
220,151,1367,1,2.352,3.28
220,153,1225,-1,9.9,0
220,155,1503,1,2.87,4.864
220,157,1823,1,2.38,4.422
220,159,1528,-1,5.28,1.312
220,161,1739,1,2.943,4.949
220,163,1368,1,1.491,5.451
220,165,1831,-1,5.353,4.36
220,167,3487,1,5.244,5.217
220,169,1169,-1,9.9,0
222,1,3059,-1,4.588,2.56
222,3,4143,-1,2.623,2.613
222,5,2600,-1,5.22,2.24
222,7,2999,-1,4.544,3.535
222,9,4599,1,1.863,4.898
222,11,1765,-1,5.25,1.2
222,13,3527,1,2.997,4.964
222,15,2768,-1,5.52,1.456
222,17,3890,1,1.116,2.079
222,19,2073,1,1.368,4.418
222,21,3780,1,2.088,3.116
222,23,4234,1,1.26,5.313
222,25,2550,-1,5.518,1.515
222,27,3137,1,1.164,4.176
222,29,2546,1,1.824,5.874
222,31,2685,1,1.47,5.46
222,33,6145,1,3.552,2.596
222,35,2131,1,3.276,5.251
222,37,3334,1,3.9,5.846
222,39,3156,-1,2.94,1.952
222,41,2713,-1,5.325,1.335
222,43,4504,1,3.267,3.213
222,45,2170,1,1.02,5.025
222,47,3896,1,2.89,1.972
222,49,2737,-1,4.234,1.218
222,53,2327,-1,5.451,2.449
222,55,2623,-1,5.525,2.576
222,57,1538,1,2.04,4.98
222,59,3599,1,4.473,5.52
222,61,2936,1,4.422,5.46
222,63,1559,1,1.215,5.183
222,65,2381,-1,4.563,2.542
222,67,2493,1,1.19,5.232
222,69,4427,1,2.968,4.928
222,71,5359,-1,3.84,1.819
222,73,2987,1,4.332,5.39
222,75,3880,1,2.05,4.096
222,77,2615,-1,5.22,2.128
222,79,2601,1,3.552,4.543
222,81,1426,1,0,9.9
222,83,2285,1,1.98,1.976
222,85,5870,1,3.074,3.05
222,87,2223,1,2.444,4.453
222,89,2101,-1,3.534,2.52
222,91,1839,-1,4.617,1.577
222,93,2655,-1,1.11,1.17
222,95,1489,-1,5.328,1.335
222,97,1622,-1,5.28,1.312
222,99,1661,1,2.38,4.422
222,101,1509,1,1.955,6.003
222,103,2321,1,3.528,5.55
222,105,1311,1,2.94,4.941
222,107,1279,1,0,9.9
222,109,2241,1,1.498,4.437
222,111,2001,-1,4.148,2.133
222,113,3016,-1,5.814,1.856
222,115,1834,1,2.38,3.379
222,117,2378,1,1.491,5.451
222,119,1847,1,1.824,3.807
222,121,2831,-1,4.42,2.375
222,123,1590,-1,5.995,1.989
222,125,1614,-1,5.46,2.508
222,127,1319,-1,9.9,0
222,129,1549,1,3.193,4.16
222,131,3189,-1,3.588,1.558
222,133,3271,-1,5.671,1.76
222,135,2557,-1,3.591,2.553
222,137,2761,-1,5.61,4.554
222,139,1619,-1,5.025,2.079
222,141,2889,-1,4.662,2.688
222,143,4046,-1,5.084,2.1
222,145,1860,1,1.794,4.74
222,147,5343,-1,1.728,2.759
222,149,3901,1,5.103,5.11
222,151,4863,1,1.596,2.673
222,153,2376,-1,5.353,4.36
222,155,2747,1,3.24,3.3
222,157,2087,1,1.44,5.46
222,159,3691,1,2.457,3.399
222,161,1798,-1,4.272,1.288
222,163,1560,-1,4.35,1.309
222,165,1792,-1,5.1,1.144
222,167,1855,1,2.436,5.451
222,169,1412,-1,5.39,1.36
223,1,4213,-1,3.886,1.848
223,3,1955,1,4.422,5.46
223,5,2681,-1,5.822,1.848
223,7,2220,-1,4.563,2.542
223,9,1634,1,2.242,5.175
223,11,2083,-1,5.551,1.515
223,13,2701,-1,2.623,2.613
223,15,1466,-1,5.332,1.386
223,17,2519,1,2.124,5.194
223,19,2113,-1,2.94,1.952
223,21,2107,-1,5.022,2.976
223,23,4145,1,3.267,3.213
223,25,1869,-1,5.81,1.836
223,27,1172,1,1.666,5.76
223,29,1643,-1,5.325,1.335
223,31,2562,1,1.26,5.313
223,33,1996,1,3.689,5.698
223,35,3581,-1,3.552,2.596
223,37,4644,1,1.98,1.976
223,39,4097,1,2.496,2.507
223,41,1501,1,2.407,4.422
223,43,3261,-1,4.725,1.824
223,45,1718,1,2.04,4.98
223,47,2736,-1,5.865,4.879
223,49,2235,-1,5.525,2.576
223,51,1410,-1,9.9,0
223,53,2855,-1,3.337,2.373
223,55,1388,-1,4.59,2.574
223,57,1186,-1,9.9,0
223,59,3261,-1,5.002,5.989
223,61,2156,1,2.05,4.096
223,63,2976,1,5.432,5.39
223,65,2487,1,1.19,5.232
223,67,1475,-1,4.77,1.776
223,69,2060,1,1.47,2.46
223,71,2659,-1,3.84,1.819
223,73,1425,1,1.863,4.898
223,75,3552,-1,2.275,1.32
223,77,3038,1,3.8,4.84
223,79,1845,-1,4.8,1.848
223,81,3285,1,1.768,3.724
223,83,2152,1,1.02,5.025
223,85,1310,1,0,9.9
223,87,1460,-1,5.025,2.079
223,89,2384,-1,5.18,1.188
223,91,4011,1,1.728,2.759
223,93,1955,1,1.955,6.003
223,95,2824,-1,1.11,1.17
223,97,2050,-1,3.534,2.52
223,99,2610,-1,4.42,2.375
223,101,2944,1,2.457,3.399
223,103,1540,-1,5.39,1.36
223,105,2216,1,2.436,5.451
223,107,1534,1,2.744,5.795
223,109,1654,-1,5.251,3.24
223,111,3670,-1,2.075,1.116
223,113,3054,-1,3.591,2.553
223,115,1978,-1,4.617,1.577
223,117,1458,-1,3.168,1.152
223,119,2334,-1,5.671,1.76
223,121,3489,1,4.536,4.524
223,123,1133,-1,4.35,1.309
223,125,1307,-1,5.084,2.1
223,127,1875,1,2.352,3.28
223,129,2647,-1,5.353,4.36
223,131,1465,-1,3.09,0.999
223,133,1917,-1,5.244,5.217
223,135,3068,-1,5.58,2.574
223,137,1438,1,1.596,2.673
223,139,1418,1,1.136,4.154
223,141,1005,1,0,9.9
223,143,1376,1,1.491,5.451
223,145,1647,-1,5.7,3.663
223,147,5455,-1,4.416,4.332
223,149,3385,1,2.38,3.379
223,151,937,1,0,9.9
223,153,2482,-1,5.814,1.856
223,155,2404,-1,5.7,2.668
223,157,1984,1,1.218,5.226
223,159,1579,1,2.61,5.544
223,161,1674,1,2.088,4.14
223,163,1166,-1,5.1,1.144
223,165,1259,-1,5.04,4.074
223,167,1617,1,1.2,5.184
223,169,1954,1,2.76,4.814
224,1,1456,-1,5.81,1.836
224,3,1527,-1,1.98,1.976
224,5,1304,-1,5.822,1.848
224,7,1278,1,1.116,2.079
224,9,954,-1,2.016,2.088
224,11,3542,-1,9.9,0
224,13,1775,-1,9.9,0
224,15,1268,1,1.808,5.814
224,17,1363,-1,4.896,3.885
224,19,1708,-1,5.525,2.576
224,21,2857,-1,4.59,2.574
224,23,1222,-1,5.22,2.24
224,25,957,1,2.997,4.964
224,27,3048,-1,2.89,1.972
224,29,8502,-1,5.432,5.39
224,31,7907,-1,2.496,2.507
224,33,2960,1,2.242,5.175
224,35,1030,1,2.275,1.32
224,37,2526,-1,5.325,1.335
224,39,1457,-1,4.234,1.218
224,41,1733,1,3.9,5.846
224,43,1659,-1,5.865,4.879
224,45,6434,-1,4.332,5.39
224,47,1616,1,2.1,5.135
224,49,3943,1,1.768,3.724
224,51,2315,1,0,9.9
224,53,1653,-1,5.022,2.976
224,55,2194,1,1.47,2.46
224,57,1348,-1,5.518,1.515
224,59,1742,-1,5.332,1.386
224,61,2660,-1,4.002,2.028
224,63,1714,-1,4.225,1.265
224,65,1600,-1,4.422,5.46
224,67,2474,-1,4.473,5.52
224,69,2759,1,3.552,4.543
224,71,1829,1,2.407,4.422
224,73,1243,1,1.863,4.898
224,75,2804,-1,9.9,0
224,77,1824,1,2.04,4.98
224,79,1993,-1,2.623,2.613
224,81,1719,-1,3.267,3.213
224,83,2092,-1,3.337,2.373
224,85,1615,-1,4.8,3.772
224,87,1129,1,2.808,5.785
224,89,1328,1,1.2,5.184
224,91,1281,1,3.528,5.55
224,93,1442,-1,4.416,4.332
224,95,1120,1,1.491,5.451
224,97,920,-1,5.278,4.223
224,99,3318,-1,5.353,4.36
224,101,837,-1,5.39,1.36
224,103,723,-1,3.534,2.52
224,105,802,1,1.8,5.822
224,107,8186,1,4.36,4.3
224,109,891,1,1.218,5.226
224,111,991,-1,5.865,1.856
224,113,2378,-1,2.38,3.379
224,115,1318,1,2.457,3.399
224,117,658,1,1.44,5.46
224,119,1082,1,3.24,3.3
224,121,1182,1,2.444,4.453
224,123,865,1,2.61,5.544
224,125,2030,1,0,9.9
224,127,1254,1,1.596,2.673
224,129,1188,-1,5.995,1.989
224,131,954,-1,5.244,5.217
224,133,1739,-1,4.24,2.247
224,135,1403,-1,4.864,5.83
224,137,817,1,1.794,4.74
224,139,1104,-1,5.671,1.76
224,141,834,-1,3.588,1.558
224,143,825,1,2.352,3.28
224,145,980,1,1.136,4.154
224,147,1960,-1,5.46,2.508
224,149,3000,1,1.767,1.794
224,151,932,-1,5.28,1.312
224,153,823,1,1.116,5.124
224,155,1928,-1,3,2.071
224,157,1936,1,1.11,1.17
224,159,979,-1,5.084,2.1
224,161,1897,-1,3.09,0.999
224,163,1878,1,3.248,3.276
224,165,1312,1,1.824,3.807
224,167,935,-1,5.025,2.079
224,169,1682,1,1.728,2.759
225,1,1858,-1,2.496,2.507
225,3,1147,-1,9.9,0
225,5,1054,-1,5.25,1.2
225,7,875,1,1.548,4.575
225,9,868,-1,5.9,3.842
225,11,934,-1,4.473,5.52
225,13,1068,-1,5.865,4.879
225,15,860,1,1.19,5.232
225,17,835,1,1.47,2.46
225,19,780,-1,5.022,2.976
225,21,934,-1,5.22,2.24
225,23,785,-1,5.22,1.243
225,25,914,1,2.89,5.92
225,27,801,-1,4.8,3.772
225,29,1022,-1,5.432,5.39
225,31,808,1,2.1,5.135
225,33,762,1,2.05,4.096
225,35,912,-1,9.9,0
225,37,1725,1,3.8,4.84
225,39,826,-1,4.225,1.265
225,41,912,-1,5.81,1.836
225,43,686,-1,4.896,3.885
225,45,1079,1,3.074,3.05
225,47,868,-1,4.59,2.574
225,49,1139,-1,1.98,1.976
225,51,939,-1,4.002,2.028
225,53,787,1,1.26,5.313
225,55,791,-1,4.234,1.218
225,57,1196,1,1.666,5.76
225,59,1032,-1,3.552,2.596
225,61,1330,-1,2.016,2.088
225,63,1012,1,1.06,5.046
225,65,1573,1,4.332,5.39
225,67,1525,1,2.088,3.116
225,69,935,1,1.215,5.183
225,71,763,1,1.02,5.025
225,73,1744,1,4.422,5.46
225,75,1791,-1,4.77,1.776
225,77,1104,1,2.407,4.422
225,79,992,1,1.164,4.176
225,81,1520,1,1.853,1.84
225,83,1005,1,2.968,4.928
225,85,769,-1,3.84,1.819
225,87,1093,-1,5.995,1.989
225,89,1013,1,1.136,4.154
225,91,1157,1,2.744,5.795
225,93,1433,1,3.528,5.55
225,95,1155,-1,5.353,4.36
225,97,811,1,1.491,5.451
225,99,789,1,1.84,5.916
225,101,753,-1,5.328,1.335
225,103,932,-1,4.662,2.688
225,105,873,1,2.94,4.941
225,107,767,-1,5.671,1.76
225,109,970,-1,5.244,5.217
225,111,925,1,2.87,4.864
225,113,970,1,3.24,3.3
225,115,745,1,1.728,2.759
225,117,1111,1,2.38,4.422
225,119,932,1,1.794,4.74
225,121,857,1,2.088,4.14
225,123,838,1,1.596,2.673
225,125,835,-1,3.09,0.999
225,127,1033,-1,5.61,4.554
225,129,776,-1,4.42,2.375
225,131,810,-1,5.084,2.1
225,133,850,-1,3.168,1.152
225,135,879,1,1.2,5.184
225,137,894,1,1.116,5.124
225,139,909,1,2.625,5.6
225,141,969,-1,5.58,2.574
225,143,1072,-1,5.865,1.856
225,145,921,-1,3.534,2.52
225,147,848,1,2.808,5.785
225,149,978,1,1.498,4.437
225,151,858,1,2.444,4.453
225,153,649,-1,4.272,1.288
225,155,973,1,4.485,5.472
225,157,798,-1,2.38,3.379
225,159,732,1,0,9.9
225,161,933,-1,4.35,1.309
225,163,738,1,2.352,3.28
225,165,928,-1,5.452,2.442
225,167,825,-1,4.148,2.133
225,169,1623,1,5.238,4.209
227,1,2581,1,1.02,5.025
227,3,1972,-1,9.9,0
227,5,2678,-1,4.563,2.542
227,7,1492,1,1.768,3.724
227,9,1826,1,3.8,4.84
227,11,1741,-1,5.52,1.456
227,13,1828,-1,4.136,2.109
227,15,2238,1,3.9,5.846
227,17,2072,-1,3.886,1.848
227,19,1395,-1,5.9,3.842
227,21,1308,-1,3.84,1.819
227,23,2037,-1,5.325,1.335
227,25,1961,1,1.215,5.183
227,27,1787,-1,5.25,1.2
227,29,2262,1,2.997,4.964
227,31,1710,-1,4.896,3.885
227,33,1408,-1,5.81,1.836
227,35,1923,-1,5.22,2.128
227,37,2171,-1,4.588,2.56
227,39,1511,1,3.24,5.22
227,41,1343,-1,4.59,2.574
227,43,1948,-1,4.544,3.535
227,45,1543,1,3.276,5.251
227,47,1519,-1,5.022,2.976
227,49,1328,-1,3.337,2.373
227,51,1052,-1,5.332,1.386
227,53,1415,1,1.808,5.814
227,55,1247,1,2.407,4.422
227,57,1248,-1,9.9,0
227,59,2756,-1,2.623,2.613
227,61,1185,-1,4.002,2.028
227,63,2158,1,1.853,1.84
227,65,1666,-1,1.98,1.976
227,67,1001,1,2.242,5.175
227,69,1369,1,2.088,3.116
227,71,1491,1,1.116,2.079
227,73,1377,-1,5.002,5.989
227,75,1098,1,1.863,4.898
227,77,1068,1,1.26,5.313
227,79,1437,-1,3.267,3.213
227,81,2423,-1,2.89,1.972
227,83,1027,-1,5.451,2.449
227,85,1694,-1,1.554,1.548
227,87,1109,-1,5.244,5.217
227,89,727,-1,5.328,1.335
227,91,2032,1,3.528,5.55
227,93,1086,1,1.955,6.003
227,95,1448,-1,3,2.071
227,97,1523,-1,5.278,4.223
227,99,2199,1,1.11,1.17
227,101,1726,-1,5.46,2.508
227,103,2001,-1,3.09,0.999
227,105,1221,-1,5.58,2.574
227,107,1602,1,2.943,4.949
227,109,1060,-1,5.1,1.144
227,111,1212,1,1.218,5.226
227,113,1122,-1,4.416,4.332
227,115,1785,-1,3.591,2.553
227,117,1458,1,2.38,4.422
227,119,1528,-1,4.272,1.288
227,121,1602,1,4.485,5.472
227,123,2747,-1,5.103,5.11
227,125,1118,1,3.193,4.16
227,127,2246,-1,4.148,2.133
227,129,2395,-1,1.767,1.794
227,131,1124,-1,9.9,0
227,133,1168,-1,4.42,2.375
227,135,1663,-1,4.617,1.577
227,137,1250,1,2.006,5.025
227,139,1451,1,1.2,5.184
227,141,1357,1,1.199,5.27
227,143,2797,1,2.352,3.28
227,145,2159,-1,1.728,2.759
227,147,1569,-1,5.7,3.663
227,149,1406,1,1.491,5.451
227,151,1072,-1,5.251,3.24
227,153,1509,1,2.444,4.453
227,155,1776,1,1.498,4.437
227,157,1227,-1,9.9,0
227,159,1090,-1,3.588,1.558
227,161,1190,1,2.87,4.864
227,163,1388,-1,5.025,2.079
227,165,1272,1,0,9.9
227,167,1684,1,4.536,4.524
227,169,892,1,2.625,5.6
229,1,7518,-1,2.623,2.613
229,3,1531,-1,5.518,1.515
229,5,1661,-1,5.22,2.128
229,7,5265,1,3.074,3.05
229,9,1806,1,1.808,5.814
229,11,2969,1,1.116,2.079
229,13,1485,1,1.768,3.724
229,15,1505,-1,5.52,1.456
229,17,1114,-1,5.551,1.515
229,19,1149,1,2.407,4.422
229,21,1647,1,1.548,4.575
229,23,3236,-1,4.563,2.542
229,25,1580,1,2.89,5.92
229,27,2110,-1,2.016,2.088
229,29,4075,1,4.332,5.39
229,31,1715,1,3.24,5.22
229,33,927,-1,5.451,2.449
229,35,2484,1,3.267,3.213
229,37,2309,1,1.215,5.183
229,39,1537,-1,9.9,0
229,41,1981,1,3.552,4.543
229,43,1344,1,1.19,5.232
229,45,1445,-1,4.588,2.56
229,47,1660,1,1.06,5.046
229,49,5360,-1,4.422,5.46
229,51,1110,-1,5.25,1.2
229,53,1272,1,3.9,5.846
229,55,1105,1,1.164,4.176
229,57,1135,1,3.689,5.698
229,59,6057,-1,1.554,1.548
229,61,2323,1,1.47,2.46
229,63,3575,-1,2.94,1.952
229,65,1278,1,2.04,4.98
229,67,910,-1,4.59,2.574
229,69,1788,1,2.968,4.928
229,71,2423,-1,2.496,2.507
229,73,2730,-1,2.275,1.32
229,75,2165,-1,5.525,2.576
229,77,1762,-1,5.022,2.976
229,79,948,-1,9.9,0
229,81,3558,-1,1.853,1.84
229,83,887,-1,9.9,0
229,85,1065,-1,5.22,1.243
229,87,1238,-1,5.084,2.1
229,89,992,-1,4.864,5.83
229,91,1700,1,2.94,4.941
229,93,2259,1,1.596,2.673
229,95,1533,1,2.87,4.864
229,97,1082,1,0,9.9
229,99,1154,-1,3.588,1.558
229,101,1992,1,4.536,4.524
229,103,2059,1,5.238,4.209
229,105,811,-1,5.46,2.508
229,107,1089,-1,4.617,1.577
229,109,1590,1,2.352,3.28
229,111,914,1,3.193,4.16
229,113,874,-1,5.28,1.312
229,115,954,-1,5.18,1.188
229,117,1002,-1,5.04,4.074
229,119,3180,1,2.808,5.785
229,121,892,-1,5.278,4.223
229,123,901,1,1.136,4.154
229,125,952,1,1.491,5.451
229,127,3229,-1,4.24,2.247
229,129,991,-1,4.42,2.375
229,131,1490,1,1.794,4.74
229,133,1760,1,1.776,2.828
229,135,1169,1,1.218,5.226
229,137,3621,-1,3.24,3.3
229,139,2052,-1,5.865,1.856
229,141,1184,1,2.625,5.6
229,143,1543,1,2.38,4.422
229,145,1147,-1,3.591,2.553
229,147,1039,-1,5.58,2.574
229,149,5556,1,1.11,1.17
229,151,1213,1,1.728,2.759
229,153,1021,1,2.088,4.14
229,155,1346,-1,5.452,2.442
229,157,1201,-1,3.09,0.999
229,159,1307,1,2.943,4.949
229,161,871,1,2.436,5.451
229,163,4172,1,4.485,5.472
229,165,975,1,2.006,5.025
229,167,1857,-1,3.168,1.152
229,169,1156,-1,4.272,1.288
230,1,3736,-1,5.22,2.24
230,3,3729,-1,5.9,3.842
230,5,3991,1,1.116,2.079
230,7,2696,1,4.422,5.46
230,9,2007,1,1.26,5.313
230,11,2844,1,3.337,2.373
230,13,2863,1,1.02,5.025
230,15,2932,-1,3.886,1.848
230,17,3655,1,3.552,2.596
230,19,3490,-1,4.136,2.109
230,21,4161,-1,2.997,4.964
230,23,3953,1,1.548,4.575
230,25,2315,1,2.496,2.507
230,27,2354,-1,4.8,1.848
230,29,3388,-1,5.22,2.128
230,31,2446,1,1.666,5.76
230,33,3171,-1,3.267,3.213
230,35,2329,1,2.1,5.135
230,37,3819,-1,5.81,1.836
230,39,2782,-1,9.9,0
230,41,3924,1,4.473,5.52
230,43,2329,-1,5.332,1.386
230,45,2219,-1,2.89,1.972
230,47,3211,-1,4.77,1.776
230,49,2232,-1,4.563,2.542
230,51,2892,-1,2.623,2.613
230,53,2897,-1,5.865,4.879
230,55,2026,-1,5.822,1.848
230,57,1869,1,4.332,5.39
230,59,4055,1,4.896,3.885
230,61,2655,1,3.276,5.251
230,63,2354,1,1.863,4.898
230,65,3662,-1,1.98,1.976
230,67,2041,1,3.8,4.84
230,69,2012,1,2.124,5.194
230,71,1648,-1,4.59,2.574
230,73,2192,-1,5.022,2.976
230,75,1574,1,3.9,5.846
230,77,1856,1,1.47,2.46
230,79,1589,-1,5.52,1.456
230,81,2384,-1,2.275,1.32
230,83,1567,-1,5.518,1.515
230,85,2852,1,5.432,5.39
230,87,1362,-1,9.9,0
230,89,1847,-1,3.534,2.52
230,91,2206,-1,3.591,2.553
230,93,1949,1,4.864,5.83
230,95,1761,1,1.824,3.807
230,97,3289,1,4.36,4.3
230,99,2186,1,2.625,5.6
230,101,3094,-1,5.251,3.24
230,103,1456,1,2.088,4.14
230,105,1686,-1,5.353,4.36
230,107,1179,1,1.116,5.124
230,109,2502,1,1.767,1.794
230,111,1848,-1,4.617,1.577
230,113,1849,1,2.61,5.544
230,115,2164,-1,2.808,5.785
230,117,1478,1,2.943,4.949
230,119,1610,-1,5.28,1.312
230,121,1540,-1,3.09,0.999
230,123,1537,-1,5.814,1.856
230,125,2603,-1,2.075,1.116
230,127,2444,-1,5.238,4.209
230,129,1921,1,2.38,3.379
230,131,3179,1,3.528,5.55
230,133,2682,1,1.955,6.003
230,135,1927,1,2.006,5.025
230,137,2743,1,4.485,5.472
230,139,1375,-1,5.7,2.668
230,141,1608,-1,4.416,4.332
230,143,2085,-1,4.662,2.688
230,145,1486,1,1.136,4.154
230,147,3105,1,2.457,3.399
230,149,1990,-1,4.35,1.309
230,151,2094,-1,3.168,1.152
230,153,2412,-1,5.084,2.1
230,155,2307,1,1.44,5.46
230,157,1621,1,1.491,5.451
230,159,1275,1,0,9.9
230,161,3796,1,5.278,4.223
230,163,1083,1,0,9.9
230,165,1984,1,1.8,5.822
230,167,2723,1,5.103,5.11
230,169,2721,-1,5.46,2.508
231,1,3504,1,4.002,2.028
231,3,3006,1,4.332,5.39
231,5,5109,1,1.116,2.079
231,7,4537,-1,5.22,1.243
231,9,3915,1,3.689,5.698
231,11,3260,-1,9.9,0
231,13,3273,-1,3.337,2.373
231,15,2487,1,5.022,2.976
231,17,4279,-1,5.518,1.515
231,19,3169,1,2.997,4.964
231,21,2593,-1,4.473,5.52
231,23,6411,-1,3.8,4.84
231,25,4084,-1,5.9,3.842
231,27,3278,-1,4.59,2.574
231,29,3368,-1,4.225,1.265
231,31,2264,1,1.26,5.313
231,33,2085,1,3.074,3.05
231,35,6354,1,3.267,3.213
231,37,1943,-1,4.234,1.218
231,39,3727,-1,5.81,1.836
231,41,3652,1,1.554,1.548
231,43,1249,1,2.124,5.194
231,45,1024,-1,3.84,1.819
231,47,2265,-1,9.9,0
231,49,1819,-1,4.588,2.56
231,51,2180,-1,5.22,2.128
231,53,5591,-1,2.275,1.32
231,55,1466,1,1.47,5.46
231,57,1894,1,3.24,5.22
231,59,1326,1,2.242,5.175
231,61,1394,-1,4.544,3.535
231,63,3605,1,5.432,5.39
231,65,5332,1,2.496,2.507
231,67,7110,1,2.623,2.613
231,69,2744,-1,4.77,1.776
231,71,2538,-1,2.94,1.952
231,73,1330,-1,5.332,1.386
231,75,1219,1,1.824,5.874
231,77,1318,-1,3.886,1.848
231,79,2999,-1,4.563,2.542
231,81,2396,-1,9.9,0
231,83,1191,1,2.89,5.92
231,85,5061,1,3.276,5.251
231,87,2652,-1,4.42,2.375
231,89,1239,-1,4.35,1.309
231,91,1856,1,3.193,4.16
231,93,1957,1,2.38,4.422
231,95,3277,-1,4.272,1.288
231,97,3182,-1,4.662,2.688
231,99,1864,-1,5.7,2.668
231,101,4442,-1,1.596,2.673
231,103,2563,-1,3.09,0.999
231,105,2396,-1,5.084,2.1
231,107,2192,-1,3.168,1.152
231,109,1292,-1,5.328,1.335
231,111,2113,-1,5.7,3.663
231,113,1444,1,1.491,5.451
231,115,3937,1,2.088,4.14
231,117,3045,1,2.94,4.941
231,119,1632,-1,5.28,1.312
231,121,1687,1,2.808,5.785
231,123,4050,-1,1.776,2.828
231,125,1166,1,1.44,5.46
231,127,2501,1,2.444,4.453
231,129,2940,1,1.2,5.184
231,131,2050,1,1.824,3.807
231,133,907,1,1.218,5.226
231,135,1878,-1,9.9,0
231,137,1553,-1,5.995,1.989
231,139,4828,-1,4.416,4.332
231,141,2652,-1,5.025,2.079
231,143,2419,-1,5.04,4.074
231,145,1579,1,1.8,5.822
231,147,1001,-1,5.18,1.188
231,149,4243,-1,4.148,2.133
231,151,4931,-1,3.248,3.276
231,153,1552,-1,5.1,1.144
231,155,2616,-1,5.865,1.856
231,157,2361,1,1.84,5.916
231,159,3575,1,2.625,5.6
231,161,2160,-1,5.61,4.554
231,163,2344,1,1.955,6.003
231,165,3484,1,3.528,5.55
231,167,5385,-1,5.244,5.217
231,169,2054,1,4.864,5.83
232,1,2772,1,1.19,5.232
232,3,1864,-1,5.551,1.515
232,5,1736,-1,1.554,1.548
232,7,1355,1,2.242,5.175
232,9,6486,-1,2.275,1.32
232,11,3253,1,5.9,3.842
232,13,3794,1,1.47,2.46
232,15,2081,-1,4.234,1.218
232,17,1878,1,2.124,5.194
232,19,3249,-1,5.81,1.836
232,21,1810,1,3.276,5.251
232,23,4628,-1,4.225,1.265
232,25,2812,1,2.088,3.116
232,27,5564,1,1.47,5.46
232,29,1655,-1,5.022,2.976
232,31,3258,-1,4.563,2.542
232,33,1665,1,2.04,4.98
232,35,2713,1,1.26,5.313
232,37,2330,-1,4.473,5.52
232,39,1696,1,1.116,2.079
232,41,2564,1,1.768,3.724
232,43,1427,-1,4.588,2.56
232,45,4564,1,2.016,2.088
232,47,2110,-1,4.002,2.028
232,49,2084,-1,2.496,2.507
232,51,1281,-1,5.332,1.386
232,53,1935,1,1.368,4.418
232,55,2124,1,2.1,5.135
232,57,2490,-1,5.432,5.39
232,59,1674,-1,5.865,4.879
232,61,1307,1,1.824,5.874
232,63,3806,-1,2.94,1.952
232,65,1436,-1,3.84,1.819
232,67,847,-1,5.525,2.576
232,69,1177,-1,4.77,1.776
232,71,1893,1,1.548,4.575
232,73,1039,-1,5.25,1.2
232,75,790,1,2.05,4.096
232,77,824,1,2.407,4.422
232,79,770,-1,1.98,1.976
232,81,1944,-1,3.337,2.373
232,83,1717,1,1.808,5.814
232,85,763,1,2.623,2.613
232,87,906,-1,4.35,1.309
232,89,687,1,3.193,4.16
232,91,591,-1,5.278,4.223
232,93,628,-1,9.9,0
232,95,653,1,3.528,5.55
232,97,882,-1,5.7,3.663
232,99,1131,-1,5.865,1.856
232,101,1879,-1,4.24,2.247
232,103,1961,-1,3,2.071
232,105,619,1,2.444,4.453
232,107,1110,1,1.728,2.759
232,109,591,1,1.955,6.003
232,111,788,-1,4.617,1.577
232,113,611,1,4.536,4.524
232,115,906,-1,5.244,5.217
232,117,878,1,2.006,5.025
232,119,590,1,2.436,5.451
232,121,684,-1,5.671,1.76
232,123,1746,1,1.199,5.27
232,125,1136,-1,5.7,2.668
232,127,1568,1,2.457,3.399
232,129,908,-1,4.148,2.133
232,131,809,1,2.088,4.14
232,133,2262,-1,4.272,1.288
232,135,814,-1,5.04,4.074
232,137,2271,-1,3.534,2.52
232,139,964,1,4.485,5.472
232,141,760,1,1.824,3.807
232,143,2536,-1,4.864,5.83
232,145,1023,-1,2.38,3.379
232,147,717,-1,5.1,1.144
232,149,563,-1,5.995,1.989
232,151,832,-1,5.084,2.1
232,153,715,1,2.744,5.795
232,155,1328,1,2.808,5.785
232,157,715,1,2.76,4.814
232,159,988,1,3.248,3.276
232,161,611,-1,4.662,2.688
232,163,1197,-1,5.61,4.554
232,165,718,1,1.44,5.46
232,167,769,-1,5.353,4.36
232,169,681,-1,5.328,1.335
